{
  "data": {
    "nodes": {
      "performance_monitor": {
        "data": {
          "type": "NoxSuiteSystemMonitor",
          "node": {
            "template": {
              "code": {
                "type": "code",
                "required": true,
                "placeholder": "",
                "list": false,
                "show": true,
                "multiline": true,
                "value": "\nfrom langflow import CustomComponent\nfrom typing import Dict, Any\n\nclass NoxSuiteSystemMonitor(CustomComponent):\n    display_name: str = \"Performance Monitor\"\n    description: str = \"NoxSuite NoxSuiteSystemMonitor Component\"\n    \n    def build_config(self):\n        return {\n            \"monitor_type\": {\n                \"display_name\": \"Monitor Type\",\n                \"value\": 'performance',\n                \"type\": \"str\"\n            },\n            \"metrics\": {\n                \"display_name\": \"Metrics\",\n                \"value\": ['cpu_usage', 'memory_usage', 'network_io', 'disk_io', 'response_time'],\n                \"type\": \"str\"\n            },\n            \"threshold_cpu\": {\n                \"display_name\": \"Threshold Cpu\",\n                \"value\": 75,\n                \"type\": \"str\"\n            },\n            \"threshold_memory\": {\n                \"display_name\": \"Threshold Memory\",\n                \"value\": 80,\n                \"type\": \"str\"\n            },\n            \"threshold_response_time\": {\n                \"display_name\": \"Threshold Response Time\",\n                \"value\": 500,\n                \"type\": \"str\"\n            },\n            \"prediction_enabled\": {\n                \"display_name\": \"Prediction Enabled\",\n                \"value\": True,\n                \"type\": \"bool\"\n            },\n        }\n    \n    def build(self, **kwargs) -> Dict[str, Any]:\n        # NoxSuite component logic\n        config = self.build_config()\n        \n        # Process inputs and execute component logic\n        result = {\n            \"component_type\": \"NoxSuiteSystemMonitor\",\n            \"component_id\": \"performance_monitor\",\n            \"config\": config,\n            \"status\": \"executed\",\n            \"output\": \"Component executed successfully\"\n        }\n        \n        return result\n",
                "fileTypes": [
                  ".py"
                ],
                "file_path": "",
                "password": false,
                "name": "code",
                "advanced": false,
                "dynamic": true,
                "info": "",
                "load_from_db": false,
                "title_case": false
              },
              "monitor_type": {
                "type": "str",
                "required": false,
                "value": "performance",
                "name": "monitor_type",
                "show": true,
                "advanced": false
              },
              "metrics": {
                "type": "int",
                "required": false,
                "value": [
                  "cpu_usage",
                  "memory_usage",
                  "network_io",
                  "disk_io",
                  "response_time"
                ],
                "name": "metrics",
                "show": true,
                "advanced": false
              },
              "threshold_cpu": {
                "type": "int",
                "required": false,
                "value": 75,
                "name": "threshold_cpu",
                "show": true,
                "advanced": false
              },
              "threshold_memory": {
                "type": "int",
                "required": false,
                "value": 80,
                "name": "threshold_memory",
                "show": true,
                "advanced": false
              },
              "threshold_response_time": {
                "type": "int",
                "required": false,
                "value": 500,
                "name": "threshold_response_time",
                "show": true,
                "advanced": false
              },
              "prediction_enabled": {
                "type": "bool",
                "required": false,
                "value": true,
                "name": "prediction_enabled",
                "show": true,
                "advanced": false
              }
            },
            "description": "NoxSuite NoxSuiteSystemMonitor",
            "base_classes": [
              "CustomComponent"
            ],
            "display_name": "Performance Monitor",
            "documentation": "",
            "custom_fields": {
              "monitor_type": "performance",
              "metrics": [
                "cpu_usage",
                "memory_usage",
                "network_io",
                "disk_io",
                "response_time"
              ],
              "threshold_cpu": 75,
              "threshold_memory": 80,
              "threshold_response_time": 500,
              "prediction_enabled": true,
              "langflow_id": "performance_monitor",
              "display_name": "Performance Monitor"
            },
            "output_types": [
              "Data"
            ],
            "full_path": "noxsuite.NoxSuiteSystemMonitor",
            "field_formatters": {},
            "beta": false
          },
          "id": "performance_monitor"
        },
        "id": "performance_monitor",
        "position": {
          "x": 100,
          "y": 100
        },
        "type": "genericNode"
      },
      "load_predictor": {
        "data": {
          "type": "NoxSuiteMultiAgentCoordinator",
          "node": {
            "template": {
              "code": {
                "type": "code",
                "required": true,
                "placeholder": "",
                "list": false,
                "show": true,
                "multiline": true,
                "value": "\nfrom langflow import CustomComponent\nfrom typing import Dict, Any\n\nclass NoxSuiteMultiAgentCoordinator(CustomComponent):\n    display_name: str = \"Load Predictor\"\n    description: str = \"NoxSuite NoxSuiteMultiAgentCoordinator Component\"\n    \n    def build_config(self):\n        return {\n            \"coordination_mode\": {\n                \"display_name\": \"Coordination Mode\",\n                \"value\": 'priority_based',\n                \"type\": \"str\"\n            },\n            \"agent_tasks\": {\n                \"display_name\": \"Agent Tasks\",\n                \"value\": '{\"load_analysis\": \"predict_future_load\", \"scaling_decision\": \"calculate_optimal_resources\", \"cost_optimization\": \"minimize_infrastructure_cost\"}',\n                \"type\": \"str\"\n            },\n            \"max_concurrent_agents\": {\n                \"display_name\": \"Max Concurrent Agents\",\n                \"value\": 3,\n                \"type\": \"str\"\n            },\n            \"ai_prediction\": {\n                \"display_name\": \"Ai Prediction\",\n                \"value\": True,\n                \"type\": \"bool\"\n            },\n            \"machine_learning\": {\n                \"display_name\": \"Machine Learning\",\n                \"value\": True,\n                \"type\": \"bool\"\n            },\n            \"task_timeout\": {\n                \"display_name\": \"Task Timeout\",\n                \"value\": 30,\n                \"type\": \"str\"\n            },\n        }\n    \n    def build(self, **kwargs) -> Dict[str, Any]:\n        # NoxSuite component logic\n        config = self.build_config()\n        \n        # Process inputs and execute component logic\n        result = {\n            \"component_type\": \"NoxSuiteMultiAgentCoordinator\",\n            \"component_id\": \"load_predictor\",\n            \"config\": config,\n            \"status\": \"executed\",\n            \"output\": \"Component executed successfully\"\n        }\n        \n        return result\n",
                "fileTypes": [
                  ".py"
                ],
                "file_path": "",
                "password": false,
                "name": "code",
                "advanced": false,
                "dynamic": true,
                "info": "",
                "load_from_db": false,
                "title_case": false
              },
              "coordination_mode": {
                "type": "str",
                "required": false,
                "value": "priority_based",
                "name": "coordination_mode",
                "show": true,
                "advanced": false
              },
              "agent_tasks": {
                "type": "str",
                "required": false,
                "value": "{\"load_analysis\": \"predict_future_load\", \"scaling_decision\": \"calculate_optimal_resources\", \"cost_optimization\": \"minimize_infrastructure_cost\"}",
                "name": "agent_tasks",
                "show": true,
                "advanced": false
              },
              "max_concurrent_agents": {
                "type": "int",
                "required": false,
                "value": 3,
                "name": "max_concurrent_agents",
                "show": true,
                "advanced": false
              },
              "ai_prediction": {
                "type": "bool",
                "required": false,
                "value": true,
                "name": "ai_prediction",
                "show": true,
                "advanced": false
              },
              "machine_learning": {
                "type": "bool",
                "required": false,
                "value": true,
                "name": "machine_learning",
                "show": true,
                "advanced": false
              },
              "task_timeout": {
                "type": "int",
                "required": false,
                "value": 30,
                "name": "task_timeout",
                "show": true,
                "advanced": false
              }
            },
            "description": "NoxSuite NoxSuiteMultiAgentCoordinator",
            "base_classes": [
              "CustomComponent"
            ],
            "display_name": "Load Predictor",
            "documentation": "",
            "custom_fields": {
              "coordination_mode": "priority_based",
              "agent_tasks": "{\"load_analysis\": \"predict_future_load\", \"scaling_decision\": \"calculate_optimal_resources\", \"cost_optimization\": \"minimize_infrastructure_cost\"}",
              "max_concurrent_agents": 3,
              "ai_prediction": true,
              "machine_learning": true,
              "task_timeout": 30,
              "langflow_id": "load_predictor",
              "display_name": "Load Predictor"
            },
            "output_types": [
              "Data"
            ],
            "full_path": "noxsuite.NoxSuiteMultiAgentCoordinator",
            "field_formatters": {},
            "beta": false
          },
          "id": "load_predictor"
        },
        "id": "load_predictor",
        "position": {
          "x": 400,
          "y": 100
        },
        "type": "genericNode"
      },
      "docker_autoscaler": {
        "data": {
          "type": "NoxSuiteDockerManager",
          "node": {
            "template": {
              "code": {
                "type": "code",
                "required": true,
                "placeholder": "",
                "list": false,
                "show": true,
                "multiline": true,
                "value": "\nfrom langflow import CustomComponent\nfrom typing import Dict, Any\n\nclass NoxSuiteDockerManager(CustomComponent):\n    display_name: str = \"Docker Autoscaler\"\n    description: str = \"NoxSuite NoxSuiteDockerManager Component\"\n    \n    def build_config(self):\n        return {\n            \"action\": {\n                \"display_name\": \"Action\",\n                \"value\": 'auto_scale',\n                \"type\": \"str\"\n            },\n            \"scaling_strategy\": {\n                \"display_name\": \"Scaling Strategy\",\n                \"value\": 'intelligent',\n                \"type\": \"str\"\n            },\n            \"min_instances\": {\n                \"display_name\": \"Min Instances\",\n                \"value\": 2,\n                \"type\": \"str\"\n            },\n            \"max_instances\": {\n                \"display_name\": \"Max Instances\",\n                \"value\": 10,\n                \"type\": \"str\"\n            },\n            \"target_cpu_utilization\": {\n                \"display_name\": \"Target Cpu Utilization\",\n                \"value\": 70,\n                \"type\": \"str\"\n            },\n            \"scale_up_cooldown\": {\n                \"display_name\": \"Scale Up Cooldown\",\n                \"value\": 300,\n                \"type\": \"str\"\n            },\n            \"scale_down_cooldown\": {\n                \"display_name\": \"Scale Down Cooldown\",\n                \"value\": 600,\n                \"type\": \"str\"\n            },\n        }\n    \n    def build(self, **kwargs) -> Dict[str, Any]:\n        # NoxSuite component logic\n        config = self.build_config()\n        \n        # Process inputs and execute component logic\n        result = {\n            \"component_type\": \"NoxSuiteDockerManager\",\n            \"component_id\": \"docker_autoscaler\",\n            \"config\": config,\n            \"status\": \"executed\",\n            \"output\": \"Component executed successfully\"\n        }\n        \n        return result\n",
                "fileTypes": [
                  ".py"
                ],
                "file_path": "",
                "password": false,
                "name": "code",
                "advanced": false,
                "dynamic": true,
                "info": "",
                "load_from_db": false,
                "title_case": false
              },
              "action": {
                "type": "str",
                "required": false,
                "value": "auto_scale",
                "name": "action",
                "show": true,
                "advanced": false
              },
              "scaling_strategy": {
                "type": "str",
                "required": false,
                "value": "intelligent",
                "name": "scaling_strategy",
                "show": true,
                "advanced": false
              },
              "min_instances": {
                "type": "int",
                "required": false,
                "value": 2,
                "name": "min_instances",
                "show": true,
                "advanced": false
              },
              "max_instances": {
                "type": "int",
                "required": false,
                "value": 10,
                "name": "max_instances",
                "show": true,
                "advanced": false
              },
              "target_cpu_utilization": {
                "type": "int",
                "required": false,
                "value": 70,
                "name": "target_cpu_utilization",
                "show": true,
                "advanced": false
              },
              "scale_up_cooldown": {
                "type": "int",
                "required": false,
                "value": 300,
                "name": "scale_up_cooldown",
                "show": true,
                "advanced": false
              },
              "scale_down_cooldown": {
                "type": "int",
                "required": false,
                "value": 600,
                "name": "scale_down_cooldown",
                "show": true,
                "advanced": false
              }
            },
            "description": "NoxSuite NoxSuiteDockerManager",
            "base_classes": [
              "CustomComponent"
            ],
            "display_name": "Docker Autoscaler",
            "documentation": "",
            "custom_fields": {
              "action": "auto_scale",
              "scaling_strategy": "intelligent",
              "min_instances": 2,
              "max_instances": 10,
              "target_cpu_utilization": 70,
              "scale_up_cooldown": 300,
              "scale_down_cooldown": 600,
              "langflow_id": "docker_autoscaler",
              "display_name": "Docker Autoscaler"
            },
            "output_types": [
              "Data"
            ],
            "full_path": "noxsuite.NoxSuiteDockerManager",
            "field_formatters": {},
            "beta": false
          },
          "id": "docker_autoscaler"
        },
        "id": "docker_autoscaler",
        "position": {
          "x": 100,
          "y": 300
        },
        "type": "genericNode"
      },
      "mcp_load_balancer": {
        "data": {
          "type": "NoxSuiteMCPOrchestrator",
          "node": {
            "template": {
              "code": {
                "type": "code",
                "required": true,
                "placeholder": "",
                "list": false,
                "show": true,
                "multiline": true,
                "value": "\nfrom langflow import CustomComponent\nfrom typing import Dict, Any\n\nclass NoxSuiteMCPOrchestrator(CustomComponent):\n    display_name: str = \"Mcp Load Balancer\"\n    description: str = \"NoxSuite NoxSuiteMCPOrchestrator Component\"\n    \n    def build_config(self):\n        return {\n            \"operation\": {\n                \"display_name\": \"Operation\",\n                \"value\": 'load_balance',\n                \"type\": \"str\"\n            },\n            \"balancing_algorithm\": {\n                \"display_name\": \"Balancing Algorithm\",\n                \"value\": 'adaptive_weighted_round_robin',\n                \"type\": \"str\"\n            },\n            \"health_check_enabled\": {\n                \"display_name\": \"Health Check Enabled\",\n                \"value\": True,\n                \"type\": \"bool\"\n            },\n            \"failover_strategy\": {\n                \"display_name\": \"Failover Strategy\",\n                \"value\": 'intelligent',\n                \"type\": \"str\"\n            },\n            \"traffic_distribution\": {\n                \"display_name\": \"Traffic Distribution\",\n                \"value\": 'ai_optimized',\n                \"type\": \"str\"\n            },\n        }\n    \n    def build(self, **kwargs) -> Dict[str, Any]:\n        # NoxSuite component logic\n        config = self.build_config()\n        \n        # Process inputs and execute component logic\n        result = {\n            \"component_type\": \"NoxSuiteMCPOrchestrator\",\n            \"component_id\": \"mcp_load_balancer\",\n            \"config\": config,\n            \"status\": \"executed\",\n            \"output\": \"Component executed successfully\"\n        }\n        \n        return result\n",
                "fileTypes": [
                  ".py"
                ],
                "file_path": "",
                "password": false,
                "name": "code",
                "advanced": false,
                "dynamic": true,
                "info": "",
                "load_from_db": false,
                "title_case": false
              },
              "operation": {
                "type": "str",
                "required": false,
                "value": "load_balance",
                "name": "operation",
                "show": true,
                "advanced": false
              },
              "balancing_algorithm": {
                "type": "str",
                "required": false,
                "value": "adaptive_weighted_round_robin",
                "name": "balancing_algorithm",
                "show": true,
                "advanced": false
              },
              "health_check_enabled": {
                "type": "bool",
                "required": false,
                "value": true,
                "name": "health_check_enabled",
                "show": true,
                "advanced": false
              },
              "failover_strategy": {
                "type": "str",
                "required": false,
                "value": "intelligent",
                "name": "failover_strategy",
                "show": true,
                "advanced": false
              },
              "traffic_distribution": {
                "type": "str",
                "required": false,
                "value": "ai_optimized",
                "name": "traffic_distribution",
                "show": true,
                "advanced": false
              }
            },
            "description": "NoxSuite NoxSuiteMCPOrchestrator",
            "base_classes": [
              "CustomComponent"
            ],
            "display_name": "Mcp Load Balancer",
            "documentation": "",
            "custom_fields": {
              "operation": "load_balance",
              "balancing_algorithm": "adaptive_weighted_round_robin",
              "health_check_enabled": true,
              "failover_strategy": "intelligent",
              "traffic_distribution": "ai_optimized",
              "langflow_id": "mcp_load_balancer",
              "display_name": "Mcp Load Balancer"
            },
            "output_types": [
              "Data"
            ],
            "full_path": "noxsuite.NoxSuiteMCPOrchestrator",
            "field_formatters": {},
            "beta": false
          },
          "id": "mcp_load_balancer"
        },
        "id": "mcp_load_balancer",
        "position": {
          "x": 400,
          "y": 300
        },
        "type": "genericNode"
      },
      "cost_optimizer": {
        "data": {
          "type": "NoxSuiteSystemMonitor",
          "node": {
            "template": {
              "code": {
                "type": "code",
                "required": true,
                "placeholder": "",
                "list": false,
                "show": true,
                "multiline": true,
                "value": "\nfrom langflow import CustomComponent\nfrom typing import Dict, Any\n\nclass NoxSuiteSystemMonitor(CustomComponent):\n    display_name: str = \"Cost Optimizer\"\n    description: str = \"NoxSuite NoxSuiteSystemMonitor Component\"\n    \n    def build_config(self):\n        return {\n            \"monitor_type\": {\n                \"display_name\": \"Monitor Type\",\n                \"value\": 'cost_analysis',\n                \"type\": \"str\"\n            },\n            \"track_resource_usage\": {\n                \"display_name\": \"Track Resource Usage\",\n                \"value\": True,\n                \"type\": \"bool\"\n            },\n            \"cost_per_hour_tracking\": {\n                \"display_name\": \"Cost Per Hour Tracking\",\n                \"value\": True,\n                \"type\": \"bool\"\n            },\n            \"budget_alerts\": {\n                \"display_name\": \"Budget Alerts\",\n                \"value\": True,\n                \"type\": \"bool\"\n            },\n            \"optimization_suggestions\": {\n                \"display_name\": \"Optimization Suggestions\",\n                \"value\": True,\n                \"type\": \"bool\"\n            },\n        }\n    \n    def build(self, **kwargs) -> Dict[str, Any]:\n        # NoxSuite component logic\n        config = self.build_config()\n        \n        # Process inputs and execute component logic\n        result = {\n            \"component_type\": \"NoxSuiteSystemMonitor\",\n            \"component_id\": \"cost_optimizer\",\n            \"config\": config,\n            \"status\": \"executed\",\n            \"output\": \"Component executed successfully\"\n        }\n        \n        return result\n",
                "fileTypes": [
                  ".py"
                ],
                "file_path": "",
                "password": false,
                "name": "code",
                "advanced": false,
                "dynamic": true,
                "info": "",
                "load_from_db": false,
                "title_case": false
              },
              "monitor_type": {
                "type": "str",
                "required": false,
                "value": "cost_analysis",
                "name": "monitor_type",
                "show": true,
                "advanced": false
              },
              "track_resource_usage": {
                "type": "bool",
                "required": false,
                "value": true,
                "name": "track_resource_usage",
                "show": true,
                "advanced": false
              },
              "cost_per_hour_tracking": {
                "type": "bool",
                "required": false,
                "value": true,
                "name": "cost_per_hour_tracking",
                "show": true,
                "advanced": false
              },
              "budget_alerts": {
                "type": "bool",
                "required": false,
                "value": true,
                "name": "budget_alerts",
                "show": true,
                "advanced": false
              },
              "optimization_suggestions": {
                "type": "bool",
                "required": false,
                "value": true,
                "name": "optimization_suggestions",
                "show": true,
                "advanced": false
              }
            },
            "description": "NoxSuite NoxSuiteSystemMonitor",
            "base_classes": [
              "CustomComponent"
            ],
            "display_name": "Cost Optimizer",
            "documentation": "",
            "custom_fields": {
              "monitor_type": "cost_analysis",
              "track_resource_usage": true,
              "cost_per_hour_tracking": true,
              "budget_alerts": true,
              "optimization_suggestions": true,
              "langflow_id": "cost_optimizer",
              "display_name": "Cost Optimizer"
            },
            "output_types": [
              "Data"
            ],
            "full_path": "noxsuite.NoxSuiteSystemMonitor",
            "field_formatters": {},
            "beta": false
          },
          "id": "cost_optimizer"
        },
        "id": "cost_optimizer",
        "position": {
          "x": 700,
          "y": 200
        },
        "type": "genericNode"
      }
    },
    "edges": [
      {
        "source": "performance_monitor",
        "target": "load_predictor",
        "sourceHandle": "performance_metrics",
        "targetHandle": "prediction_input",
        "id": "e1",
        "type": "default"
      },
      {
        "source": "load_predictor",
        "target": "docker_autoscaler",
        "sourceHandle": "scaling_decision",
        "targetHandle": "scale_trigger",
        "id": "e2",
        "type": "default"
      },
      {
        "source": "load_predictor",
        "target": "mcp_load_balancer",
        "sourceHandle": "load_balance_config",
        "targetHandle": "config_update",
        "id": "e3",
        "type": "default"
      },
      {
        "source": "docker_autoscaler",
        "target": "cost_optimizer",
        "sourceHandle": "scaling_actions",
        "targetHandle": "cost_input",
        "id": "e4",
        "type": "default"
      },
      {
        "source": "mcp_load_balancer",
        "target": "cost_optimizer",
        "sourceHandle": "traffic_stats",
        "targetHandle": "usage_input",
        "id": "e5",
        "type": "default"
      }
    ],
    "viewport": {
      "x": 0,
      "y": 0,
      "zoom": 1
    }
  },
  "description": "Intelligent Load Balancer with Auto-Scaling and predictive resource management",
  "name": "NoxSuite_Smart_Autoscaler",
  "id": "noxsuite_smart_autoscaler"
}