{
  "data": {
    "nodes": {
      "development_monitor": {
        "data": {
          "type": "NoxSuiteSystemMonitor",
          "node": {
            "template": {
              "code": {
                "type": "code",
                "required": true,
                "placeholder": "",
                "list": false,
                "show": true,
                "multiline": true,
                "value": "\nfrom langflow import CustomComponent\nfrom typing import Dict, Any\n\nclass NoxSuiteSystemMonitor(CustomComponent):\n    display_name: str = \"Development Monitor\"\n    description: str = \"NoxSuite NoxSuiteSystemMonitor Component\"\n    \n    def build_config(self):\n        return {\n            \"monitor_type\": {\n                \"display_name\": \"Monitor Type\",\n                \"value\": 'development_environment',\n                \"type\": \"str\"\n            },\n            \"track_coding_patterns\": {\n                \"display_name\": \"Track Coding Patterns\",\n                \"value\": True,\n                \"type\": \"bool\"\n            },\n            \"monitor_vs_code_performance\": {\n                \"display_name\": \"Monitor Vs Code Performance\",\n                \"value\": True,\n                \"type\": \"bool\"\n            },\n            \"analyze_workflow_efficiency\": {\n                \"display_name\": \"Analyze Workflow Efficiency\",\n                \"value\": True,\n                \"type\": \"bool\"\n            },\n            \"detect_development_bottlenecks\": {\n                \"display_name\": \"Detect Development Bottlenecks\",\n                \"value\": True,\n                \"type\": \"bool\"\n            },\n            \"productivity_metrics\": {\n                \"display_name\": \"Productivity Metrics\",\n                \"value\": True,\n                \"type\": \"bool\"\n            },\n            \"resource_usage_tracking\": {\n                \"display_name\": \"Resource Usage Tracking\",\n                \"value\": True,\n                \"type\": \"bool\"\n            },\n        }\n    \n    def build(self, **kwargs) -> Dict[str, Any]:\n        # NoxSuite component logic\n        config = self.build_config()\n        \n        # Process inputs and execute component logic\n        result = {\n            \"component_type\": \"NoxSuiteSystemMonitor\",\n            \"component_id\": \"development_monitor\",\n            \"config\": config,\n            \"status\": \"executed\",\n            \"output\": \"Component executed successfully\"\n        }\n        \n        return result\n",
                "fileTypes": [
                  ".py"
                ],
                "file_path": "",
                "password": false,
                "name": "code",
                "advanced": false,
                "dynamic": true,
                "info": "",
                "load_from_db": false,
                "title_case": false
              },
              "monitor_type": {
                "type": "str",
                "required": false,
                "value": "development_environment",
                "name": "monitor_type",
                "show": true,
                "advanced": false
              },
              "track_coding_patterns": {
                "type": "bool",
                "required": false,
                "value": true,
                "name": "track_coding_patterns",
                "show": true,
                "advanced": false
              },
              "monitor_vs_code_performance": {
                "type": "bool",
                "required": false,
                "value": true,
                "name": "monitor_vs_code_performance",
                "show": true,
                "advanced": false
              },
              "analyze_workflow_efficiency": {
                "type": "bool",
                "required": false,
                "value": true,
                "name": "analyze_workflow_efficiency",
                "show": true,
                "advanced": false
              },
              "detect_development_bottlenecks": {
                "type": "bool",
                "required": false,
                "value": true,
                "name": "detect_development_bottlenecks",
                "show": true,
                "advanced": false
              },
              "productivity_metrics": {
                "type": "bool",
                "required": false,
                "value": true,
                "name": "productivity_metrics",
                "show": true,
                "advanced": false
              },
              "resource_usage_tracking": {
                "type": "bool",
                "required": false,
                "value": true,
                "name": "resource_usage_tracking",
                "show": true,
                "advanced": false
              }
            },
            "description": "NoxSuite NoxSuiteSystemMonitor",
            "base_classes": [
              "CustomComponent"
            ],
            "display_name": "Development Monitor",
            "documentation": "",
            "custom_fields": {
              "monitor_type": "development_environment",
              "track_coding_patterns": true,
              "monitor_vs_code_performance": true,
              "analyze_workflow_efficiency": true,
              "detect_development_bottlenecks": true,
              "productivity_metrics": true,
              "resource_usage_tracking": true,
              "langflow_id": "development_monitor",
              "display_name": "Development Monitor"
            },
            "output_types": [
              "Data"
            ],
            "full_path": "noxsuite.NoxSuiteSystemMonitor",
            "field_formatters": {},
            "beta": false
          },
          "id": "development_monitor"
        },
        "id": "development_monitor",
        "position": {
          "x": 100,
          "y": 100
        },
        "type": "genericNode"
      },
      "ai_dev_assistant": {
        "data": {
          "type": "NoxSuiteMultiAgentCoordinator",
          "node": {
            "template": {
              "code": {
                "type": "code",
                "required": true,
                "placeholder": "",
                "list": false,
                "show": true,
                "multiline": true,
                "value": "\nfrom langflow import CustomComponent\nfrom typing import Dict, Any\n\nclass NoxSuiteMultiAgentCoordinator(CustomComponent):\n    display_name: str = \"Ai Dev Assistant\"\n    description: str = \"NoxSuite NoxSuiteMultiAgentCoordinator Component\"\n    \n    def build_config(self):\n        return {\n            \"coordination_mode\": {\n                \"display_name\": \"Coordination Mode\",\n                \"value\": 'development_assistance',\n                \"type\": \"str\"\n            },\n            \"agent_tasks\": {\n                \"display_name\": \"Agent Tasks\",\n                \"value\": '{\"code_optimization\": \"improve_code_quality\", \"environment_tuning\": \"optimize_dev_setup\", \"workflow_enhancement\": \"streamline_processes\", \"learning_recommendations\": \"suggest_improvements\"}',\n                \"type\": \"str\"\n            },\n            \"max_concurrent_agents\": {\n                \"display_name\": \"Max Concurrent Agents\",\n                \"value\": 4,\n                \"type\": \"str\"\n            },\n            \"development_ai\": {\n                \"display_name\": \"Development Ai\",\n                \"value\": True,\n                \"type\": \"bool\"\n            },\n            \"code_intelligence\": {\n                \"display_name\": \"Code Intelligence\",\n                \"value\": True,\n                \"type\": \"bool\"\n            },\n            \"productivity_enhancement\": {\n                \"display_name\": \"Productivity Enhancement\",\n                \"value\": True,\n                \"type\": \"bool\"\n            },\n            \"task_timeout\": {\n                \"display_name\": \"Task Timeout\",\n                \"value\": 60,\n                \"type\": \"str\"\n            },\n        }\n    \n    def build(self, **kwargs) -> Dict[str, Any]:\n        # NoxSuite component logic\n        config = self.build_config()\n        \n        # Process inputs and execute component logic\n        result = {\n            \"component_type\": \"NoxSuiteMultiAgentCoordinator\",\n            \"component_id\": \"ai_dev_assistant\",\n            \"config\": config,\n            \"status\": \"executed\",\n            \"output\": \"Component executed successfully\"\n        }\n        \n        return result\n",
                "fileTypes": [
                  ".py"
                ],
                "file_path": "",
                "password": false,
                "name": "code",
                "advanced": false,
                "dynamic": true,
                "info": "",
                "load_from_db": false,
                "title_case": false
              },
              "coordination_mode": {
                "type": "str",
                "required": false,
                "value": "development_assistance",
                "name": "coordination_mode",
                "show": true,
                "advanced": false
              },
              "agent_tasks": {
                "type": "str",
                "required": false,
                "value": "{\"code_optimization\": \"improve_code_quality\", \"environment_tuning\": \"optimize_dev_setup\", \"workflow_enhancement\": \"streamline_processes\", \"learning_recommendations\": \"suggest_improvements\"}",
                "name": "agent_tasks",
                "show": true,
                "advanced": false
              },
              "max_concurrent_agents": {
                "type": "int",
                "required": false,
                "value": 4,
                "name": "max_concurrent_agents",
                "show": true,
                "advanced": false
              },
              "development_ai": {
                "type": "bool",
                "required": false,
                "value": true,
                "name": "development_ai",
                "show": true,
                "advanced": false
              },
              "code_intelligence": {
                "type": "bool",
                "required": false,
                "value": true,
                "name": "code_intelligence",
                "show": true,
                "advanced": false
              },
              "productivity_enhancement": {
                "type": "bool",
                "required": false,
                "value": true,
                "name": "productivity_enhancement",
                "show": true,
                "advanced": false
              },
              "task_timeout": {
                "type": "int",
                "required": false,
                "value": 60,
                "name": "task_timeout",
                "show": true,
                "advanced": false
              }
            },
            "description": "NoxSuite NoxSuiteMultiAgentCoordinator",
            "base_classes": [
              "CustomComponent"
            ],
            "display_name": "Ai Dev Assistant",
            "documentation": "",
            "custom_fields": {
              "coordination_mode": "development_assistance",
              "agent_tasks": "{\"code_optimization\": \"improve_code_quality\", \"environment_tuning\": \"optimize_dev_setup\", \"workflow_enhancement\": \"streamline_processes\", \"learning_recommendations\": \"suggest_improvements\"}",
              "max_concurrent_agents": 4,
              "development_ai": true,
              "code_intelligence": true,
              "productivity_enhancement": true,
              "task_timeout": 60,
              "langflow_id": "ai_dev_assistant",
              "display_name": "Ai Dev Assistant"
            },
            "output_types": [
              "Data"
            ],
            "full_path": "noxsuite.NoxSuiteMultiAgentCoordinator",
            "field_formatters": {},
            "beta": false
          },
          "id": "ai_dev_assistant"
        },
        "id": "ai_dev_assistant",
        "position": {
          "x": 400,
          "y": 100
        },
        "type": "genericNode"
      },
      "docker_dev_optimizer": {
        "data": {
          "type": "NoxSuiteDockerManager",
          "node": {
            "template": {
              "code": {
                "type": "code",
                "required": true,
                "placeholder": "",
                "list": false,
                "show": true,
                "multiline": true,
                "value": "\nfrom langflow import CustomComponent\nfrom typing import Dict, Any\n\nclass NoxSuiteDockerManager(CustomComponent):\n    display_name: str = \"Docker Dev Optimizer\"\n    description: str = \"NoxSuite NoxSuiteDockerManager Component\"\n    \n    def build_config(self):\n        return {\n            \"action\": {\n                \"display_name\": \"Action\",\n                \"value\": 'development_optimization',\n                \"type\": \"str\"\n            },\n            \"optimize_dev_containers\": {\n                \"display_name\": \"Optimize Dev Containers\",\n                \"value\": True,\n                \"type\": \"bool\"\n            },\n            \"hot_reload_management\": {\n                \"display_name\": \"Hot Reload Management\",\n                \"value\": True,\n                \"type\": \"bool\"\n            },\n            \"debugging_environment\": {\n                \"display_name\": \"Debugging Environment\",\n                \"value\": True,\n                \"type\": \"bool\"\n            },\n            \"dependency_management\": {\n                \"display_name\": \"Dependency Management\",\n                \"value\": True,\n                \"type\": \"bool\"\n            },\n            \"build_optimization\": {\n                \"display_name\": \"Build Optimization\",\n                \"value\": True,\n                \"type\": \"bool\"\n            },\n            \"test_environment_automation\": {\n                \"display_name\": \"Test Environment Automation\",\n                \"value\": True,\n                \"type\": \"bool\"\n            },\n        }\n    \n    def build(self, **kwargs) -> Dict[str, Any]:\n        # NoxSuite component logic\n        config = self.build_config()\n        \n        # Process inputs and execute component logic\n        result = {\n            \"component_type\": \"NoxSuiteDockerManager\",\n            \"component_id\": \"docker_dev_optimizer\",\n            \"config\": config,\n            \"status\": \"executed\",\n            \"output\": \"Component executed successfully\"\n        }\n        \n        return result\n",
                "fileTypes": [
                  ".py"
                ],
                "file_path": "",
                "password": false,
                "name": "code",
                "advanced": false,
                "dynamic": true,
                "info": "",
                "load_from_db": false,
                "title_case": false
              },
              "action": {
                "type": "str",
                "required": false,
                "value": "development_optimization",
                "name": "action",
                "show": true,
                "advanced": false
              },
              "optimize_dev_containers": {
                "type": "bool",
                "required": false,
                "value": true,
                "name": "optimize_dev_containers",
                "show": true,
                "advanced": false
              },
              "hot_reload_management": {
                "type": "bool",
                "required": false,
                "value": true,
                "name": "hot_reload_management",
                "show": true,
                "advanced": false
              },
              "debugging_environment": {
                "type": "bool",
                "required": false,
                "value": true,
                "name": "debugging_environment",
                "show": true,
                "advanced": false
              },
              "dependency_management": {
                "type": "bool",
                "required": false,
                "value": true,
                "name": "dependency_management",
                "show": true,
                "advanced": false
              },
              "build_optimization": {
                "type": "bool",
                "required": false,
                "value": true,
                "name": "build_optimization",
                "show": true,
                "advanced": false
              },
              "test_environment_automation": {
                "type": "bool",
                "required": false,
                "value": true,
                "name": "test_environment_automation",
                "show": true,
                "advanced": false
              }
            },
            "description": "NoxSuite NoxSuiteDockerManager",
            "base_classes": [
              "CustomComponent"
            ],
            "display_name": "Docker Dev Optimizer",
            "documentation": "",
            "custom_fields": {
              "action": "development_optimization",
              "optimize_dev_containers": true,
              "hot_reload_management": true,
              "debugging_environment": true,
              "dependency_management": true,
              "build_optimization": true,
              "test_environment_automation": true,
              "langflow_id": "docker_dev_optimizer",
              "display_name": "Docker Dev Optimizer"
            },
            "output_types": [
              "Data"
            ],
            "full_path": "noxsuite.NoxSuiteDockerManager",
            "field_formatters": {},
            "beta": false
          },
          "id": "docker_dev_optimizer"
        },
        "id": "docker_dev_optimizer",
        "position": {
          "x": 100,
          "y": 300
        },
        "type": "genericNode"
      },
      "mcp_workflow_enhancer": {
        "data": {
          "type": "NoxSuiteMCPOrchestrator",
          "node": {
            "template": {
              "code": {
                "type": "code",
                "required": true,
                "placeholder": "",
                "list": false,
                "show": true,
                "multiline": true,
                "value": "\nfrom langflow import CustomComponent\nfrom typing import Dict, Any\n\nclass NoxSuiteMCPOrchestrator(CustomComponent):\n    display_name: str = \"Mcp Workflow Enhancer\"\n    description: str = \"NoxSuite NoxSuiteMCPOrchestrator Component\"\n    \n    def build_config(self):\n        return {\n            \"operation\": {\n                \"display_name\": \"Operation\",\n                \"value\": 'development_workflow_enhancement',\n                \"type\": \"str\"\n            },\n            \"automated_testing\": {\n                \"display_name\": \"Automated Testing\",\n                \"value\": True,\n                \"type\": \"bool\"\n            },\n            \"code_review_automation\": {\n                \"display_name\": \"Code Review Automation\",\n                \"value\": True,\n                \"type\": \"bool\"\n            },\n            \"deployment_pipeline_optimization\": {\n                \"display_name\": \"Deployment Pipeline Optimization\",\n                \"value\": True,\n                \"type\": \"bool\"\n            },\n            \"documentation_generation\": {\n                \"display_name\": \"Documentation Generation\",\n                \"value\": True,\n                \"type\": \"bool\"\n            },\n            \"quality_gate_enforcement\": {\n                \"display_name\": \"Quality Gate Enforcement\",\n                \"value\": True,\n                \"type\": \"bool\"\n            },\n            \"continuous_integration\": {\n                \"display_name\": \"Continuous Integration\",\n                \"value\": True,\n                \"type\": \"bool\"\n            },\n        }\n    \n    def build(self, **kwargs) -> Dict[str, Any]:\n        # NoxSuite component logic\n        config = self.build_config()\n        \n        # Process inputs and execute component logic\n        result = {\n            \"component_type\": \"NoxSuiteMCPOrchestrator\",\n            \"component_id\": \"mcp_workflow_enhancer\",\n            \"config\": config,\n            \"status\": \"executed\",\n            \"output\": \"Component executed successfully\"\n        }\n        \n        return result\n",
                "fileTypes": [
                  ".py"
                ],
                "file_path": "",
                "password": false,
                "name": "code",
                "advanced": false,
                "dynamic": true,
                "info": "",
                "load_from_db": false,
                "title_case": false
              },
              "operation": {
                "type": "str",
                "required": false,
                "value": "development_workflow_enhancement",
                "name": "operation",
                "show": true,
                "advanced": false
              },
              "automated_testing": {
                "type": "bool",
                "required": false,
                "value": true,
                "name": "automated_testing",
                "show": true,
                "advanced": false
              },
              "code_review_automation": {
                "type": "bool",
                "required": false,
                "value": true,
                "name": "code_review_automation",
                "show": true,
                "advanced": false
              },
              "deployment_pipeline_optimization": {
                "type": "bool",
                "required": false,
                "value": true,
                "name": "deployment_pipeline_optimization",
                "show": true,
                "advanced": false
              },
              "documentation_generation": {
                "type": "bool",
                "required": false,
                "value": true,
                "name": "documentation_generation",
                "show": true,
                "advanced": false
              },
              "quality_gate_enforcement": {
                "type": "bool",
                "required": false,
                "value": true,
                "name": "quality_gate_enforcement",
                "show": true,
                "advanced": false
              },
              "continuous_integration": {
                "type": "bool",
                "required": false,
                "value": true,
                "name": "continuous_integration",
                "show": true,
                "advanced": false
              }
            },
            "description": "NoxSuite NoxSuiteMCPOrchestrator",
            "base_classes": [
              "CustomComponent"
            ],
            "display_name": "Mcp Workflow Enhancer",
            "documentation": "",
            "custom_fields": {
              "operation": "development_workflow_enhancement",
              "automated_testing": true,
              "code_review_automation": true,
              "deployment_pipeline_optimization": true,
              "documentation_generation": true,
              "quality_gate_enforcement": true,
              "continuous_integration": true,
              "langflow_id": "mcp_workflow_enhancer",
              "display_name": "Mcp Workflow Enhancer"
            },
            "output_types": [
              "Data"
            ],
            "full_path": "noxsuite.NoxSuiteMCPOrchestrator",
            "field_formatters": {},
            "beta": false
          },
          "id": "mcp_workflow_enhancer"
        },
        "id": "mcp_workflow_enhancer",
        "position": {
          "x": 400,
          "y": 300
        },
        "type": "genericNode"
      },
      "productivity_analyzer": {
        "data": {
          "type": "NoxSuiteSystemMonitor",
          "node": {
            "template": {
              "code": {
                "type": "code",
                "required": true,
                "placeholder": "",
                "list": false,
                "show": true,
                "multiline": true,
                "value": "\nfrom langflow import CustomComponent\nfrom typing import Dict, Any\n\nclass NoxSuiteSystemMonitor(CustomComponent):\n    display_name: str = \"Productivity Analyzer\"\n    description: str = \"NoxSuite NoxSuiteSystemMonitor Component\"\n    \n    def build_config(self):\n        return {\n            \"monitor_type\": {\n                \"display_name\": \"Monitor Type\",\n                \"value\": 'productivity_analysis',\n                \"type\": \"str\"\n            },\n            \"development_velocity_tracking\": {\n                \"display_name\": \"Development Velocity Tracking\",\n                \"value\": True,\n                \"type\": \"bool\"\n            },\n            \"code_quality_metrics\": {\n                \"display_name\": \"Code Quality Metrics\",\n                \"value\": True,\n                \"type\": \"bool\"\n            },\n            \"team_collaboration_analysis\": {\n                \"display_name\": \"Team Collaboration Analysis\",\n                \"value\": True,\n                \"type\": \"bool\"\n            },\n            \"learning_curve_optimization\": {\n                \"display_name\": \"Learning Curve Optimization\",\n                \"value\": True,\n                \"type\": \"bool\"\n            },\n            \"skill_development_recommendations\": {\n                \"display_name\": \"Skill Development Recommendations\",\n                \"value\": True,\n                \"type\": \"bool\"\n            },\n        }\n    \n    def build(self, **kwargs) -> Dict[str, Any]:\n        # NoxSuite component logic\n        config = self.build_config()\n        \n        # Process inputs and execute component logic\n        result = {\n            \"component_type\": \"NoxSuiteSystemMonitor\",\n            \"component_id\": \"productivity_analyzer\",\n            \"config\": config,\n            \"status\": \"executed\",\n            \"output\": \"Component executed successfully\"\n        }\n        \n        return result\n",
                "fileTypes": [
                  ".py"
                ],
                "file_path": "",
                "password": false,
                "name": "code",
                "advanced": false,
                "dynamic": true,
                "info": "",
                "load_from_db": false,
                "title_case": false
              },
              "monitor_type": {
                "type": "str",
                "required": false,
                "value": "productivity_analysis",
                "name": "monitor_type",
                "show": true,
                "advanced": false
              },
              "development_velocity_tracking": {
                "type": "bool",
                "required": false,
                "value": true,
                "name": "development_velocity_tracking",
                "show": true,
                "advanced": false
              },
              "code_quality_metrics": {
                "type": "bool",
                "required": false,
                "value": true,
                "name": "code_quality_metrics",
                "show": true,
                "advanced": false
              },
              "team_collaboration_analysis": {
                "type": "bool",
                "required": false,
                "value": true,
                "name": "team_collaboration_analysis",
                "show": true,
                "advanced": false
              },
              "learning_curve_optimization": {
                "type": "bool",
                "required": false,
                "value": true,
                "name": "learning_curve_optimization",
                "show": true,
                "advanced": false
              },
              "skill_development_recommendations": {
                "type": "bool",
                "required": false,
                "value": true,
                "name": "skill_development_recommendations",
                "show": true,
                "advanced": false
              }
            },
            "description": "NoxSuite NoxSuiteSystemMonitor",
            "base_classes": [
              "CustomComponent"
            ],
            "display_name": "Productivity Analyzer",
            "documentation": "",
            "custom_fields": {
              "monitor_type": "productivity_analysis",
              "development_velocity_tracking": true,
              "code_quality_metrics": true,
              "team_collaboration_analysis": true,
              "learning_curve_optimization": true,
              "skill_development_recommendations": true,
              "langflow_id": "productivity_analyzer",
              "display_name": "Productivity Analyzer"
            },
            "output_types": [
              "Data"
            ],
            "full_path": "noxsuite.NoxSuiteSystemMonitor",
            "field_formatters": {},
            "beta": false
          },
          "id": "productivity_analyzer"
        },
        "id": "productivity_analyzer",
        "position": {
          "x": 700,
          "y": 200
        },
        "type": "genericNode"
      }
    },
    "edges": [
      {
        "source": "development_monitor",
        "target": "ai_dev_assistant",
        "sourceHandle": "dev_metrics",
        "targetHandle": "assistance_trigger",
        "id": "e1",
        "type": "default"
      },
      {
        "source": "ai_dev_assistant",
        "target": "docker_dev_optimizer",
        "sourceHandle": "optimization_plan",
        "targetHandle": "optimization_trigger",
        "id": "e2",
        "type": "default"
      },
      {
        "source": "ai_dev_assistant",
        "target": "mcp_workflow_enhancer",
        "sourceHandle": "workflow_improvements",
        "targetHandle": "enhancement_trigger",
        "id": "e3",
        "type": "default"
      },
      {
        "source": "docker_dev_optimizer",
        "target": "productivity_analyzer",
        "sourceHandle": "optimization_results",
        "targetHandle": "analysis_input",
        "id": "e4",
        "type": "default"
      },
      {
        "source": "mcp_workflow_enhancer",
        "target": "productivity_analyzer",
        "sourceHandle": "workflow_results",
        "targetHandle": "analysis_input",
        "id": "e5",
        "type": "default"
      }
    ],
    "viewport": {
      "x": 0,
      "y": 0,
      "zoom": 1
    }
  },
  "description": "Intelligent Development Environment Optimizer",
  "name": "NoxSuite_DevEnv_Optimizer",
  "id": "noxsuite_devenv_optimizer"
}