{
  "data": {
    "nodes": {
      "cluster_monitor": {
        "data": {
          "type": "NoxSuiteSystemMonitor",
          "node": {
            "template": {
              "code": {
                "type": "code",
                "required": true,
                "placeholder": "",
                "list": false,
                "show": true,
                "multiline": true,
                "value": "\nfrom langflow import CustomComponent\nfrom typing import Dict, Any\n\nclass NoxSuiteSystemMonitor(CustomComponent):\n    display_name: str = \"Cluster Monitor\"\n    description: str = \"NoxSuite NoxSuiteSystemMonitor Component\"\n    \n    def build_config(self):\n        return {\n            \"monitor_type\": {\n                \"display_name\": \"Monitor Type\",\n                \"value\": 'distributed_cluster',\n                \"type\": \"str\"\n            },\n            \"node_health_monitoring\": {\n                \"display_name\": \"Node Health Monitoring\",\n                \"value\": True,\n                \"type\": \"bool\"\n            },\n            \"service_mesh_tracking\": {\n                \"display_name\": \"Service Mesh Tracking\",\n                \"value\": True,\n                \"type\": \"bool\"\n            },\n            \"inter_service_communication\": {\n                \"display_name\": \"Inter Service Communication\",\n                \"value\": True,\n                \"type\": \"bool\"\n            },\n            \"distributed_performance_metrics\": {\n                \"display_name\": \"Distributed Performance Metrics\",\n                \"value\": True,\n                \"type\": \"bool\"\n            },\n            \"consensus_algorithm_monitoring\": {\n                \"display_name\": \"Consensus Algorithm Monitoring\",\n                \"value\": True,\n                \"type\": \"bool\"\n            },\n            \"fault_tolerance_analysis\": {\n                \"display_name\": \"Fault Tolerance Analysis\",\n                \"value\": True,\n                \"type\": \"bool\"\n            },\n        }\n    \n    def build(self, **kwargs) -> Dict[str, Any]:\n        # NoxSuite component logic\n        config = self.build_config()\n        \n        # Process inputs and execute component logic\n        result = {\n            \"component_type\": \"NoxSuiteSystemMonitor\",\n            \"component_id\": \"cluster_monitor\",\n            \"config\": config,\n            \"status\": \"executed\",\n            \"output\": \"Component executed successfully\"\n        }\n        \n        return result\n",
                "fileTypes": [
                  ".py"
                ],
                "file_path": "",
                "password": false,
                "name": "code",
                "advanced": false,
                "dynamic": true,
                "info": "",
                "load_from_db": false,
                "title_case": false
              },
              "monitor_type": {
                "type": "str",
                "required": false,
                "value": "distributed_cluster",
                "name": "monitor_type",
                "show": true,
                "advanced": false
              },
              "node_health_monitoring": {
                "type": "bool",
                "required": false,
                "value": true,
                "name": "node_health_monitoring",
                "show": true,
                "advanced": false
              },
              "service_mesh_tracking": {
                "type": "bool",
                "required": false,
                "value": true,
                "name": "service_mesh_tracking",
                "show": true,
                "advanced": false
              },
              "inter_service_communication": {
                "type": "bool",
                "required": false,
                "value": true,
                "name": "inter_service_communication",
                "show": true,
                "advanced": false
              },
              "distributed_performance_metrics": {
                "type": "bool",
                "required": false,
                "value": true,
                "name": "distributed_performance_metrics",
                "show": true,
                "advanced": false
              },
              "consensus_algorithm_monitoring": {
                "type": "bool",
                "required": false,
                "value": true,
                "name": "consensus_algorithm_monitoring",
                "show": true,
                "advanced": false
              },
              "fault_tolerance_analysis": {
                "type": "bool",
                "required": false,
                "value": true,
                "name": "fault_tolerance_analysis",
                "show": true,
                "advanced": false
              }
            },
            "description": "NoxSuite NoxSuiteSystemMonitor",
            "base_classes": [
              "CustomComponent"
            ],
            "display_name": "Cluster Monitor",
            "documentation": "",
            "custom_fields": {
              "monitor_type": "distributed_cluster",
              "node_health_monitoring": true,
              "service_mesh_tracking": true,
              "inter_service_communication": true,
              "distributed_performance_metrics": true,
              "consensus_algorithm_monitoring": true,
              "fault_tolerance_analysis": true,
              "langflow_id": "cluster_monitor",
              "display_name": "Cluster Monitor"
            },
            "output_types": [
              "Data"
            ],
            "full_path": "noxsuite.NoxSuiteSystemMonitor",
            "field_formatters": {},
            "beta": false
          },
          "id": "cluster_monitor"
        },
        "id": "cluster_monitor",
        "position": {
          "x": 100,
          "y": 100
        },
        "type": "genericNode"
      },
      "microservices_coordinator": {
        "data": {
          "type": "NoxSuiteMultiAgentCoordinator",
          "node": {
            "template": {
              "code": {
                "type": "code",
                "required": true,
                "placeholder": "",
                "list": false,
                "show": true,
                "multiline": true,
                "value": "\nfrom langflow import CustomComponent\nfrom typing import Dict, Any\n\nclass NoxSuiteMultiAgentCoordinator(CustomComponent):\n    display_name: str = \"Microservices Coordinator\"\n    description: str = \"NoxSuite NoxSuiteMultiAgentCoordinator Component\"\n    \n    def build_config(self):\n        return {\n            \"coordination_mode\": {\n                \"display_name\": \"Coordination Mode\",\n                \"value\": 'distributed_microservices',\n                \"type\": \"str\"\n            },\n            \"agent_tasks\": {\n                \"display_name\": \"Agent Tasks\",\n                \"value\": '{\"service_discovery\": \"manage_service_registry\", \"load_balancing\": \"distribute_requests\", \"circuit_breaking\": \"handle_failures\", \"data_consistency\": \"ensure_transaction_integrity\"}',\n                \"type\": \"str\"\n            },\n            \"max_concurrent_agents\": {\n                \"display_name\": \"Max Concurrent Agents\",\n                \"value\": 8,\n                \"type\": \"str\"\n            },\n            \"distributed_coordination\": {\n                \"display_name\": \"Distributed Coordination\",\n                \"value\": True,\n                \"type\": \"bool\"\n            },\n            \"microservices_orchestration\": {\n                \"display_name\": \"Microservices Orchestration\",\n                \"value\": True,\n                \"type\": \"bool\"\n            },\n            \"consensus_management\": {\n                \"display_name\": \"Consensus Management\",\n                \"value\": True,\n                \"type\": \"bool\"\n            },\n            \"task_timeout\": {\n                \"display_name\": \"Task Timeout\",\n                \"value\": 30,\n                \"type\": \"str\"\n            },\n        }\n    \n    def build(self, **kwargs) -> Dict[str, Any]:\n        # NoxSuite component logic\n        config = self.build_config()\n        \n        # Process inputs and execute component logic\n        result = {\n            \"component_type\": \"NoxSuiteMultiAgentCoordinator\",\n            \"component_id\": \"microservices_coordinator\",\n            \"config\": config,\n            \"status\": \"executed\",\n            \"output\": \"Component executed successfully\"\n        }\n        \n        return result\n",
                "fileTypes": [
                  ".py"
                ],
                "file_path": "",
                "password": false,
                "name": "code",
                "advanced": false,
                "dynamic": true,
                "info": "",
                "load_from_db": false,
                "title_case": false
              },
              "coordination_mode": {
                "type": "str",
                "required": false,
                "value": "distributed_microservices",
                "name": "coordination_mode",
                "show": true,
                "advanced": false
              },
              "agent_tasks": {
                "type": "str",
                "required": false,
                "value": "{\"service_discovery\": \"manage_service_registry\", \"load_balancing\": \"distribute_requests\", \"circuit_breaking\": \"handle_failures\", \"data_consistency\": \"ensure_transaction_integrity\"}",
                "name": "agent_tasks",
                "show": true,
                "advanced": false
              },
              "max_concurrent_agents": {
                "type": "int",
                "required": false,
                "value": 8,
                "name": "max_concurrent_agents",
                "show": true,
                "advanced": false
              },
              "distributed_coordination": {
                "type": "bool",
                "required": false,
                "value": true,
                "name": "distributed_coordination",
                "show": true,
                "advanced": false
              },
              "microservices_orchestration": {
                "type": "bool",
                "required": false,
                "value": true,
                "name": "microservices_orchestration",
                "show": true,
                "advanced": false
              },
              "consensus_management": {
                "type": "bool",
                "required": false,
                "value": true,
                "name": "consensus_management",
                "show": true,
                "advanced": false
              },
              "task_timeout": {
                "type": "int",
                "required": false,
                "value": 30,
                "name": "task_timeout",
                "show": true,
                "advanced": false
              }
            },
            "description": "NoxSuite NoxSuiteMultiAgentCoordinator",
            "base_classes": [
              "CustomComponent"
            ],
            "display_name": "Microservices Coordinator",
            "documentation": "",
            "custom_fields": {
              "coordination_mode": "distributed_microservices",
              "agent_tasks": "{\"service_discovery\": \"manage_service_registry\", \"load_balancing\": \"distribute_requests\", \"circuit_breaking\": \"handle_failures\", \"data_consistency\": \"ensure_transaction_integrity\"}",
              "max_concurrent_agents": 8,
              "distributed_coordination": true,
              "microservices_orchestration": true,
              "consensus_management": true,
              "task_timeout": 30,
              "langflow_id": "microservices_coordinator",
              "display_name": "Microservices Coordinator"
            },
            "output_types": [
              "Data"
            ],
            "full_path": "noxsuite.NoxSuiteMultiAgentCoordinator",
            "field_formatters": {},
            "beta": false
          },
          "id": "microservices_coordinator"
        },
        "id": "microservices_coordinator",
        "position": {
          "x": 400,
          "y": 100
        },
        "type": "genericNode"
      },
      "container_cluster_manager": {
        "data": {
          "type": "NoxSuiteDockerManager",
          "node": {
            "template": {
              "code": {
                "type": "code",
                "required": true,
                "placeholder": "",
                "list": false,
                "show": true,
                "multiline": true,
                "value": "\nfrom langflow import CustomComponent\nfrom typing import Dict, Any\n\nclass NoxSuiteDockerManager(CustomComponent):\n    display_name: str = \"Container Cluster Manager\"\n    description: str = \"NoxSuite NoxSuiteDockerManager Component\"\n    \n    def build_config(self):\n        return {\n            \"action\": {\n                \"display_name\": \"Action\",\n                \"value\": 'cluster_management',\n                \"type\": \"str\"\n            },\n            \"kubernetes_integration\": {\n                \"display_name\": \"Kubernetes Integration\",\n                \"value\": True,\n                \"type\": \"bool\"\n            },\n            \"docker_swarm_orchestration\": {\n                \"display_name\": \"Docker Swarm Orchestration\",\n                \"value\": True,\n                \"type\": \"bool\"\n            },\n            \"multi_node_deployment\": {\n                \"display_name\": \"Multi Node Deployment\",\n                \"value\": True,\n                \"type\": \"bool\"\n            },\n            \"service_scaling\": {\n                \"display_name\": \"Service Scaling\",\n                \"value\": True,\n                \"type\": \"bool\"\n            },\n            \"rolling_updates\": {\n                \"display_name\": \"Rolling Updates\",\n                \"value\": True,\n                \"type\": \"bool\"\n            },\n            \"cluster_networking\": {\n                \"display_name\": \"Cluster Networking\",\n                \"value\": True,\n                \"type\": \"bool\"\n            },\n        }\n    \n    def build(self, **kwargs) -> Dict[str, Any]:\n        # NoxSuite component logic\n        config = self.build_config()\n        \n        # Process inputs and execute component logic\n        result = {\n            \"component_type\": \"NoxSuiteDockerManager\",\n            \"component_id\": \"container_cluster_manager\",\n            \"config\": config,\n            \"status\": \"executed\",\n            \"output\": \"Component executed successfully\"\n        }\n        \n        return result\n",
                "fileTypes": [
                  ".py"
                ],
                "file_path": "",
                "password": false,
                "name": "code",
                "advanced": false,
                "dynamic": true,
                "info": "",
                "load_from_db": false,
                "title_case": false
              },
              "action": {
                "type": "str",
                "required": false,
                "value": "cluster_management",
                "name": "action",
                "show": true,
                "advanced": false
              },
              "kubernetes_integration": {
                "type": "bool",
                "required": false,
                "value": true,
                "name": "kubernetes_integration",
                "show": true,
                "advanced": false
              },
              "docker_swarm_orchestration": {
                "type": "bool",
                "required": false,
                "value": true,
                "name": "docker_swarm_orchestration",
                "show": true,
                "advanced": false
              },
              "multi_node_deployment": {
                "type": "bool",
                "required": false,
                "value": true,
                "name": "multi_node_deployment",
                "show": true,
                "advanced": false
              },
              "service_scaling": {
                "type": "bool",
                "required": false,
                "value": true,
                "name": "service_scaling",
                "show": true,
                "advanced": false
              },
              "rolling_updates": {
                "type": "bool",
                "required": false,
                "value": true,
                "name": "rolling_updates",
                "show": true,
                "advanced": false
              },
              "cluster_networking": {
                "type": "bool",
                "required": false,
                "value": true,
                "name": "cluster_networking",
                "show": true,
                "advanced": false
              }
            },
            "description": "NoxSuite NoxSuiteDockerManager",
            "base_classes": [
              "CustomComponent"
            ],
            "display_name": "Container Cluster Manager",
            "documentation": "",
            "custom_fields": {
              "action": "cluster_management",
              "kubernetes_integration": true,
              "docker_swarm_orchestration": true,
              "multi_node_deployment": true,
              "service_scaling": true,
              "rolling_updates": true,
              "cluster_networking": true,
              "langflow_id": "container_cluster_manager",
              "display_name": "Container Cluster Manager"
            },
            "output_types": [
              "Data"
            ],
            "full_path": "noxsuite.NoxSuiteDockerManager",
            "field_formatters": {},
            "beta": false
          },
          "id": "container_cluster_manager"
        },
        "id": "container_cluster_manager",
        "position": {
          "x": 100,
          "y": 300
        },
        "type": "genericNode"
      },
      "mcp_distributed_orchestrator": {
        "data": {
          "type": "NoxSuiteMCPOrchestrator",
          "node": {
            "template": {
              "code": {
                "type": "code",
                "required": true,
                "placeholder": "",
                "list": false,
                "show": true,
                "multiline": true,
                "value": "\nfrom langflow import CustomComponent\nfrom typing import Dict, Any\n\nclass NoxSuiteMCPOrchestrator(CustomComponent):\n    display_name: str = \"Mcp Distributed Orchestrator\"\n    description: str = \"NoxSuite NoxSuiteMCPOrchestrator Component\"\n    \n    def build_config(self):\n        return {\n            \"operation\": {\n                \"display_name\": \"Operation\",\n                \"value\": 'distributed_workflow_orchestration',\n                \"type\": \"str\"\n            },\n            \"cross_service_workflows\": {\n                \"display_name\": \"Cross Service Workflows\",\n                \"value\": True,\n                \"type\": \"bool\"\n            },\n            \"distributed_task_execution\": {\n                \"display_name\": \"Distributed Task Execution\",\n                \"value\": True,\n                \"type\": \"bool\"\n            },\n            \"event_driven_architecture\": {\n                \"display_name\": \"Event Driven Architecture\",\n                \"value\": True,\n                \"type\": \"bool\"\n            },\n            \"saga_pattern_implementation\": {\n                \"display_name\": \"Saga Pattern Implementation\",\n                \"value\": True,\n                \"type\": \"bool\"\n            },\n            \"distributed_caching\": {\n                \"display_name\": \"Distributed Caching\",\n                \"value\": True,\n                \"type\": \"bool\"\n            },\n            \"message_queue_management\": {\n                \"display_name\": \"Message Queue Management\",\n                \"value\": True,\n                \"type\": \"bool\"\n            },\n        }\n    \n    def build(self, **kwargs) -> Dict[str, Any]:\n        # NoxSuite component logic\n        config = self.build_config()\n        \n        # Process inputs and execute component logic\n        result = {\n            \"component_type\": \"NoxSuiteMCPOrchestrator\",\n            \"component_id\": \"mcp_distributed_orchestrator\",\n            \"config\": config,\n            \"status\": \"executed\",\n            \"output\": \"Component executed successfully\"\n        }\n        \n        return result\n",
                "fileTypes": [
                  ".py"
                ],
                "file_path": "",
                "password": false,
                "name": "code",
                "advanced": false,
                "dynamic": true,
                "info": "",
                "load_from_db": false,
                "title_case": false
              },
              "operation": {
                "type": "str",
                "required": false,
                "value": "distributed_workflow_orchestration",
                "name": "operation",
                "show": true,
                "advanced": false
              },
              "cross_service_workflows": {
                "type": "bool",
                "required": false,
                "value": true,
                "name": "cross_service_workflows",
                "show": true,
                "advanced": false
              },
              "distributed_task_execution": {
                "type": "bool",
                "required": false,
                "value": true,
                "name": "distributed_task_execution",
                "show": true,
                "advanced": false
              },
              "event_driven_architecture": {
                "type": "bool",
                "required": false,
                "value": true,
                "name": "event_driven_architecture",
                "show": true,
                "advanced": false
              },
              "saga_pattern_implementation": {
                "type": "bool",
                "required": false,
                "value": true,
                "name": "saga_pattern_implementation",
                "show": true,
                "advanced": false
              },
              "distributed_caching": {
                "type": "bool",
                "required": false,
                "value": true,
                "name": "distributed_caching",
                "show": true,
                "advanced": false
              },
              "message_queue_management": {
                "type": "bool",
                "required": false,
                "value": true,
                "name": "message_queue_management",
                "show": true,
                "advanced": false
              }
            },
            "description": "NoxSuite NoxSuiteMCPOrchestrator",
            "base_classes": [
              "CustomComponent"
            ],
            "display_name": "Mcp Distributed Orchestrator",
            "documentation": "",
            "custom_fields": {
              "operation": "distributed_workflow_orchestration",
              "cross_service_workflows": true,
              "distributed_task_execution": true,
              "event_driven_architecture": true,
              "saga_pattern_implementation": true,
              "distributed_caching": true,
              "message_queue_management": true,
              "langflow_id": "mcp_distributed_orchestrator",
              "display_name": "Mcp Distributed Orchestrator"
            },
            "output_types": [
              "Data"
            ],
            "full_path": "noxsuite.NoxSuiteMCPOrchestrator",
            "field_formatters": {},
            "beta": false
          },
          "id": "mcp_distributed_orchestrator"
        },
        "id": "mcp_distributed_orchestrator",
        "position": {
          "x": 400,
          "y": 300
        },
        "type": "genericNode"
      },
      "consensus_manager": {
        "data": {
          "type": "NoxSuiteMultiAgentCoordinator",
          "node": {
            "template": {
              "code": {
                "type": "code",
                "required": true,
                "placeholder": "",
                "list": false,
                "show": true,
                "multiline": true,
                "value": "\nfrom langflow import CustomComponent\nfrom typing import Dict, Any\n\nclass NoxSuiteMultiAgentCoordinator(CustomComponent):\n    display_name: str = \"Consensus Manager\"\n    description: str = \"NoxSuite NoxSuiteMultiAgentCoordinator Component\"\n    \n    def build_config(self):\n        return {\n            \"coordination_mode\": {\n                \"display_name\": \"Coordination Mode\",\n                \"value\": 'consensus_algorithms',\n                \"type\": \"str\"\n            },\n            \"agent_tasks\": {\n                \"display_name\": \"Agent Tasks\",\n                \"value\": '{\"raft_consensus\": \"manage_leader_election\", \"byzantine_fault_tolerance\": \"handle_malicious_nodes\", \"distributed_locking\": \"coordinate_resource_access\", \"conflict_resolution\": \"resolve_distributed_conflicts\"}',\n                \"type\": \"str\"\n            },\n            \"max_concurrent_agents\": {\n                \"display_name\": \"Max Concurrent Agents\",\n                \"value\": 6,\n                \"type\": \"str\"\n            },\n            \"consensus_protocols\": {\n                \"display_name\": \"Consensus Protocols\",\n                \"value\": True,\n                \"type\": \"bool\"\n            },\n            \"distributed_decision_making\": {\n                \"display_name\": \"Distributed Decision Making\",\n                \"value\": True,\n                \"type\": \"bool\"\n            },\n            \"fault_tolerance\": {\n                \"display_name\": \"Fault Tolerance\",\n                \"value\": True,\n                \"type\": \"bool\"\n            },\n        }\n    \n    def build(self, **kwargs) -> Dict[str, Any]:\n        # NoxSuite component logic\n        config = self.build_config()\n        \n        # Process inputs and execute component logic\n        result = {\n            \"component_type\": \"NoxSuiteMultiAgentCoordinator\",\n            \"component_id\": \"consensus_manager\",\n            \"config\": config,\n            \"status\": \"executed\",\n            \"output\": \"Component executed successfully\"\n        }\n        \n        return result\n",
                "fileTypes": [
                  ".py"
                ],
                "file_path": "",
                "password": false,
                "name": "code",
                "advanced": false,
                "dynamic": true,
                "info": "",
                "load_from_db": false,
                "title_case": false
              },
              "coordination_mode": {
                "type": "str",
                "required": false,
                "value": "consensus_algorithms",
                "name": "coordination_mode",
                "show": true,
                "advanced": false
              },
              "agent_tasks": {
                "type": "str",
                "required": false,
                "value": "{\"raft_consensus\": \"manage_leader_election\", \"byzantine_fault_tolerance\": \"handle_malicious_nodes\", \"distributed_locking\": \"coordinate_resource_access\", \"conflict_resolution\": \"resolve_distributed_conflicts\"}",
                "name": "agent_tasks",
                "show": true,
                "advanced": false
              },
              "max_concurrent_agents": {
                "type": "int",
                "required": false,
                "value": 6,
                "name": "max_concurrent_agents",
                "show": true,
                "advanced": false
              },
              "consensus_protocols": {
                "type": "bool",
                "required": false,
                "value": true,
                "name": "consensus_protocols",
                "show": true,
                "advanced": false
              },
              "distributed_decision_making": {
                "type": "bool",
                "required": false,
                "value": true,
                "name": "distributed_decision_making",
                "show": true,
                "advanced": false
              },
              "fault_tolerance": {
                "type": "bool",
                "required": false,
                "value": true,
                "name": "fault_tolerance",
                "show": true,
                "advanced": false
              }
            },
            "description": "NoxSuite NoxSuiteMultiAgentCoordinator",
            "base_classes": [
              "CustomComponent"
            ],
            "display_name": "Consensus Manager",
            "documentation": "",
            "custom_fields": {
              "coordination_mode": "consensus_algorithms",
              "agent_tasks": "{\"raft_consensus\": \"manage_leader_election\", \"byzantine_fault_tolerance\": \"handle_malicious_nodes\", \"distributed_locking\": \"coordinate_resource_access\", \"conflict_resolution\": \"resolve_distributed_conflicts\"}",
              "max_concurrent_agents": 6,
              "consensus_protocols": true,
              "distributed_decision_making": true,
              "fault_tolerance": true,
              "langflow_id": "consensus_manager",
              "display_name": "Consensus Manager"
            },
            "output_types": [
              "Data"
            ],
            "full_path": "noxsuite.NoxSuiteMultiAgentCoordinator",
            "field_formatters": {},
            "beta": false
          },
          "id": "consensus_manager"
        },
        "id": "consensus_manager",
        "position": {
          "x": 700,
          "y": 100
        },
        "type": "genericNode"
      },
      "performance_optimizer": {
        "data": {
          "type": "NoxSuiteSystemMonitor",
          "node": {
            "template": {
              "code": {
                "type": "code",
                "required": true,
                "placeholder": "",
                "list": false,
                "show": true,
                "multiline": true,
                "value": "\nfrom langflow import CustomComponent\nfrom typing import Dict, Any\n\nclass NoxSuiteSystemMonitor(CustomComponent):\n    display_name: str = \"Performance Optimizer\"\n    description: str = \"NoxSuite NoxSuiteSystemMonitor Component\"\n    \n    def build_config(self):\n        return {\n            \"monitor_type\": {\n                \"display_name\": \"Monitor Type\",\n                \"value\": 'distributed_performance',\n                \"type\": \"str\"\n            },\n            \"latency_optimization\": {\n                \"display_name\": \"Latency Optimization\",\n                \"value\": True,\n                \"type\": \"bool\"\n            },\n            \"throughput_maximization\": {\n                \"display_name\": \"Throughput Maximization\",\n                \"value\": True,\n                \"type\": \"bool\"\n            },\n            \"resource_utilization\": {\n                \"display_name\": \"Resource Utilization\",\n                \"value\": True,\n                \"type\": \"bool\"\n            },\n            \"network_optimization\": {\n                \"display_name\": \"Network Optimization\",\n                \"value\": True,\n                \"type\": \"bool\"\n            },\n            \"caching_strategies\": {\n                \"display_name\": \"Caching Strategies\",\n                \"value\": True,\n                \"type\": \"bool\"\n            },\n            \"performance_prediction\": {\n                \"display_name\": \"Performance Prediction\",\n                \"value\": True,\n                \"type\": \"bool\"\n            },\n        }\n    \n    def build(self, **kwargs) -> Dict[str, Any]:\n        # NoxSuite component logic\n        config = self.build_config()\n        \n        # Process inputs and execute component logic\n        result = {\n            \"component_type\": \"NoxSuiteSystemMonitor\",\n            \"component_id\": \"performance_optimizer\",\n            \"config\": config,\n            \"status\": \"executed\",\n            \"output\": \"Component executed successfully\"\n        }\n        \n        return result\n",
                "fileTypes": [
                  ".py"
                ],
                "file_path": "",
                "password": false,
                "name": "code",
                "advanced": false,
                "dynamic": true,
                "info": "",
                "load_from_db": false,
                "title_case": false
              },
              "monitor_type": {
                "type": "str",
                "required": false,
                "value": "distributed_performance",
                "name": "monitor_type",
                "show": true,
                "advanced": false
              },
              "latency_optimization": {
                "type": "bool",
                "required": false,
                "value": true,
                "name": "latency_optimization",
                "show": true,
                "advanced": false
              },
              "throughput_maximization": {
                "type": "bool",
                "required": false,
                "value": true,
                "name": "throughput_maximization",
                "show": true,
                "advanced": false
              },
              "resource_utilization": {
                "type": "bool",
                "required": false,
                "value": true,
                "name": "resource_utilization",
                "show": true,
                "advanced": false
              },
              "network_optimization": {
                "type": "bool",
                "required": false,
                "value": true,
                "name": "network_optimization",
                "show": true,
                "advanced": false
              },
              "caching_strategies": {
                "type": "bool",
                "required": false,
                "value": true,
                "name": "caching_strategies",
                "show": true,
                "advanced": false
              },
              "performance_prediction": {
                "type": "bool",
                "required": false,
                "value": true,
                "name": "performance_prediction",
                "show": true,
                "advanced": false
              }
            },
            "description": "NoxSuite NoxSuiteSystemMonitor",
            "base_classes": [
              "CustomComponent"
            ],
            "display_name": "Performance Optimizer",
            "documentation": "",
            "custom_fields": {
              "monitor_type": "distributed_performance",
              "latency_optimization": true,
              "throughput_maximization": true,
              "resource_utilization": true,
              "network_optimization": true,
              "caching_strategies": true,
              "performance_prediction": true,
              "langflow_id": "performance_optimizer",
              "display_name": "Performance Optimizer"
            },
            "output_types": [
              "Data"
            ],
            "full_path": "noxsuite.NoxSuiteSystemMonitor",
            "field_formatters": {},
            "beta": false
          },
          "id": "performance_optimizer"
        },
        "id": "performance_optimizer",
        "position": {
          "x": 700,
          "y": 300
        },
        "type": "genericNode"
      }
    },
    "edges": [
      {
        "source": "cluster_monitor",
        "target": "microservices_coordinator",
        "sourceHandle": "cluster_status",
        "targetHandle": "coordination_input",
        "id": "e1",
        "type": "default"
      },
      {
        "source": "microservices_coordinator",
        "target": "container_cluster_manager",
        "sourceHandle": "cluster_commands",
        "targetHandle": "management_trigger",
        "id": "e2",
        "type": "default"
      },
      {
        "source": "microservices_coordinator",
        "target": "mcp_distributed_orchestrator",
        "sourceHandle": "orchestration_plan",
        "targetHandle": "distributed_workflow",
        "id": "e3",
        "type": "default"
      },
      {
        "source": "cluster_monitor",
        "target": "consensus_manager",
        "sourceHandle": "consensus_data",
        "targetHandle": "consensus_input",
        "id": "e4",
        "type": "default"
      },
      {
        "source": "container_cluster_manager",
        "target": "performance_optimizer",
        "sourceHandle": "cluster_metrics",
        "targetHandle": "optimization_input",
        "id": "e5",
        "type": "default"
      },
      {
        "source": "mcp_distributed_orchestrator",
        "target": "performance_optimizer",
        "sourceHandle": "workflow_metrics",
        "targetHandle": "optimization_input",
        "id": "e6",
        "type": "default"
      },
      {
        "source": "consensus_manager",
        "target": "performance_optimizer",
        "sourceHandle": "consensus_metrics",
        "targetHandle": "optimization_input",
        "id": "e7",
        "type": "default"
      }
    ],
    "viewport": {
      "x": 0,
      "y": 0,
      "zoom": 1
    }
  },
  "description": "Distributed Computing & Microservices Orchestrator",
  "name": "NoxSuite_Distributed_Orchestrator",
  "id": "noxsuite_distributed_orchestrator"
}