{
    "name": "example_plugin",
    "version": "1.0.0",
    "description": "Generated plugin skeleton for example_plugin",
    "author": "Plugin Developer",
    "email": "developer@example.com",
    "license": "MIT",
    "category": "utility",
    "tags": ["utility", "generated", "skeleton"],
    "keywords": ["example_plugin", "utility"],
    "api_version": "1.0",
    "python_version": ">=3.8",
    "platform": ["any"],
    "main_module": "main.py",
    "entry_point": "ExamplePlugin",
    "dependencies": [],
    "system_dependencies": [],
    "config_options": [
        {
            "name": "enabled",
            "type": "boolean",
            "default": true,
            "required": false,
            "description": "Enable/disable the plugin"
        }
    ],
    "config_schema": {
        "type": "object",
        "properties": {
            "enabled": {
                "type": "boolean",
                "default": true
            }
        }
    },
    "permissions": [],
    "security_level": "LOW",
    "sandbox_required": false,
    "network_access": false,
    "file_access": [],
    "max_memory": 134217728,
    "max_cpu": 10,
    "max_execution_time": 30,
    "provides_api": false,
    "api_endpoints": [],
    "health_check": {
        "enabled": false,
        "endpoint": "get_health_status",
        "interval": 60,
        "timeout": 10,
        "retries": 3
    },
    "created_at": "2025-07-18T19:53:29.432237",
    "updated_at": "2025-07-18T19:53:29.432237"
}